,0,1,2
0,Dr.Pong Astaxanthin 6 mg AstaREAL from Japan แอสตาแซนธิน จากญี่ปุ่น Anti-aging supplement,฿379.00,100.4K sold(29573)Pathum Thani
1,Blackmores Astaxanthin 6Mg Plus 30C,฿469.00,4.2K sold(1139)Chachoengsao
2,Dr.PONG Special Set Astaxanthin แอสตาแซนธิน 3 กระปุก ลดเลือนริ้วรอย ผิวกระชับ,"฿1,099.00",3.5K sold(1581)Pathum Thani
3,( Pack 2 ) VISTRA ASTAXANTHIN 6 MG PLUS VITAMIN E  ( 30 Capsule) วิสทร้า แอสตาแซนธิน 6 มก. พลัส วิตามินอี  [ 30 เม็ด x 2 ขวด = 60 เม็ด ],"฿1,232.00",3.4K sold(1385)Nonthaburi
4,FITWHEY ASTAXANTHIN 6MG + COQ10 (30 SOFTGELS)  สกัดจากสาหร่ายแดง,฿199.00,7.4K sold(2370)Samut Prakan
5,"Astaxanthin Capsules Support Skin, Nerve, and Immune Health.",฿313.65,Krabi
6,Woma' Astaxanthin 6 mg. complex plus วูม่า แอสต้าแซนธิน 6 มก. คอมเพล็กซ์ พลัส,"฿2,072.56",Kanchanaburi
7,(EXP: 23/11/2025) Astaxanthin 6 MG + CoQ10 แอสตาแซนธิน [30 ซอฟท์เจล] +Vitamin E Vitamin C,฿99.00,116 sold(60)Samut Prakan
8,(ซื้อ 1 แถม 1) Dr.PONG แอสตาแซนธิน จากญี่ปุ่น 2 กระป๋อง 60 แคปซูล Astaxanthin 6 mg AstaREAL อาหารเสริมดูแลเรื่องริ้วรอย（ของแท้ 100%）,฿319.00,3.1K sold(1123)Bangkok
9,Dr.PONG Astaxanthin 6 mg. AstaREAL อาหารเสริมดูแลเรื่องริ้วรอย,฿963.76,Nakhon Ratchasima
10,AstaReal ACT2 สูตรใหม่ แอสตาแซนธินเกรดพรีเมี่ยม ต้านอนุมูลอิสระทรงพลัง นำเข้าถูกต้อง มี อย. (จำหน่ายเฉพาะในโรงพยาบาล คลินิก),"฿3,790.15",Bangkok
11,วิตามินแอสตาเรียลแอค AstaREAL®ACT Astaxanthin แบบรับประทาน มี อย.ไทย 1กระปุกมี60เม็ด (Astarealact.th),"฿2,950.00",1.0K sold(208)Bangkok
12,Simply Potent Astaxanthin 10 MG 120 Soft A.663,฿999.00,194 sold(88)Nonthaburi
13,Astaxanthin with Antarctic shrimp oil-eye health care-heart and brain health-120 capsules,฿86.50,Samut Prakan
14,COOLKIN Astaxanthin Elite 120 เม็ด | ช่วยเพิ่มความทนทานในการออกกำลังกายและป้องกันรังสียูวี,฿45.00,(1)Chiang Mai
15,Astaxanthin 12 mg Softgels สนับสนุนสุขภาพภูมิคุ้มกัน ผิวหนัง ดวงตา และข้อต่อ,฿197.00,1.2K sold(422)Chiang Mai
16,Astaxanthin Capsules Krill Oil แคปซูลแอสตาแซนธิน น้ำมันคริลล์ ฟื้นฟูข้อต่อและกล้ามเนื้อ ดูแลสุขภาพหัวใจและหลอดเลือด,฿45.00,Chiang Mai
17,(แอสต้าแซนทิน) ASTAXANTHIN from Haematococcus Pluvialis Plus by Wink White 30capsules,฿149.00,16 sold(3)Bangkok
18,KLARITY Omega-3 Norway Ultra+Astaxanthin โอเมก้า3 + แอสตาแซนธิน 60 แคปซูล จากประเทศนอร์เวย์ (1ขวด),"฿1,050.00",26 sold(10)Samut Prakan
19,"NatureBell Astaxanthin 12mg, 240 Softgels","฿1,690.00",Prachuap Khiri Khan
20,แอสตาแซนธิน - ดูดซึมได้สูง - การเผาผลาญและสุขภาพสมอง - แคปซูลมังสวิรัติ,฿165.45,(1)Samut Prakan
21,บีลีฟ แอสตาแซนธีน Beleaf Astaxanthin,฿159.00,28 sold(7)Samut Prakan
22,KIRKLAND 24mg Natural Astaxanthin Capsules สนับสนุนสุขภาพหัวใจ ข้อต่อ และระบบภูมิคุ้มกัน,฿223.00,255 sold(79)Chiang Mai
23,COOLKIN Antarctic Krill Oil Astaxanthin ซอฟต์เจล 120 เม็ด - สำหรับข้อต่อ ผิวหนัง และระบบต่างๆ ของร่างกาย,฿45.00,Chiang Mai
24,แอสตาแซนธิน 6 มก. x 1 ขวด ฟาร์มาเทค Astaxanthin 6 mg. Pharmatech สาหร่ายฮีมาโตค็อกคัส Haematococcus แอสต้าแซนธิน แอสตาแซนทิน แอสต้าแซนทีน,฿99.00,339 sold(128)Bangkok
25,Vistra Asta 4Mg 14S,฿165.00,495 sold(133)Chachoengsao
26,[New Item] Vida Astaxanthin 6 mg Q10 AstaReal 20 แคปซูล (วีด้า แอสต้าแซนธิน คิวเท็น) Astaxanthin&Q10 imported from Japan,฿199.00,666 sold(284)Samut Prakan
27,ซื้อ 1 แถม 1 Simply Potent - Astaxanthin 6mg 120 Softgels A.3392,"฿1,059.00",295 sold(186)Nonthaburi
28,Astaxanthin ดูดซึมได้สูงป้องกันสารต้านอนุมูลอิสระ,฿217.00,460 sold(186)Chiang Mai
29,สาหร่ายแดง12mg  NEW(Astaxanthin) Bioastin เข้มข้มฝาสีเหลือง12mg นำเข้าจากUSA จำหน่าย1ขวดบรรจุ50,฿990.00,1.3K sold(312)Bangkok
30,Kirkland Astaxanthin Capsules-แอสตาแซนธิน-รองรับสุขภาพผิวหนัง เส้นประสาท ดวงตา และภูมิคุ้มกัน,฿230.00,7 sold(3)Chachoengsao
31,COOLKIN Astaxanthin Softgels+Ashwagandha & Grape Seed Oil Extract ฤทธิ์ต้านอนุมูลอิสระและต้านการอักเสบ การสนับสนุนสุขภาพดวงตา,฿55.00,19 sold(18)Chiang Mai
32,[1+1]Supurra Astaxanthin แอสต้าแซนธิน 6 มก. อนุมูลอิสระ ชะลอวัย  ตราสุเพอร์ร่า ส่งฟรี!! [C1],฿159.00,12.7K sold(5253)Kanchanaburi
33,นำเข้าจากญี่ปุ่น 7 IN 1 Astaxanthin จากญี่ปุ่น ( 6 มก.) 30 แคปซูล แอสต้าแซนทิน สาหร่ายสีแดง + อาหารผิว 7 ชนิด,฿199.00,877 sold(203)Bangkok
34,Vita astaxanthin capsules (30 capsules) Vita astaxanthin capsules 6 mg,฿118.00,299 sold(126)Bangkok
35,✨ เซริ ผลิตภัณฑ์เสริมอาหาร ZERI Asta Jelly Astaxanthin Collagen Tri-Peptide (1กล่อง 5ซอง),฿39.00,12 sold(0)Samut Prakan
36,Astaxanthin Capsules-แอสตาแซนธิน-เพิ่มความทนทานของกล้ามเนื้อและต่อต้านวัย,฿210.00,Chiang Mai
37,Astaxanthin Softgels - ส่งเสริมการเติมน้ำและความกระชับของผิว และสนับสนุนสุขภาพหัวใจ ข้อต่อ และระบบภูมิคุ้มกัน,฿201.00,67 sold(35)Chiang Mai
38,Dary Vit Astaxanthin ดารี่ วิต แอสตร้าแซนติน 30 แคปซูล,฿119.00,1.7K sold(464)Bangkok
39,[1แถม1] INZENT ASTAXANTHIN 6 MG แอสตาแซนธิน 6 มก. (30 แคปซูล) แอสต้าแซนธีน แอสต้าแซนทีน สาหร่ายสีแดง ผิว สวย ขาว เนียน,฿180.00,2.9K sold(1176)Kanchanaburi
